{
  "project_info": {
    "project_number": "954530813050",
    "firebase_url": "https://womencricketteam-5cead-default-rtdb.firebaseio.com",
    "project_id": "womencricketteam-5cead",
    "storage_bucket": "womencricketteam-5cead.appspot.com"
  },
  "client": [
    {
      "client_info": {
        "mobilesdk_app_id": "1:954530813050:android:295d1b306bd2503b47d7c3",
        "android_client_info": {
          "package_name": "in.co.visiontek.womencricketteam"
        }
      },
      "oauth_client": [
        {
          "client_id": "954530813050-dbsv056d1js5nipnp7oa02rbkctti4de.apps.googleusercontent.com",
          "client_type": 3
        }
      ],
      "api_key": [
        {
          "current_key": "AIzaSyAbD78OgTHkPoCvcAMZo4bJ-zm-D4uuOP8"
        }
      ],
      "services": {
        "appinvite_service": {
          "other_platform_oauth_client": [
            {
              "client_id": "954530813050-dbsv056d1js5nipnp7oa02rbkctti4de.apps.googleusercontent.com",
              "client_type": 3
            }
          ]
        }
      }
    }
  ],
  "configuration_version": "1"
}